{
"mirroruser":"MaulanaZxZ", //MASUKAN USERNAME https://multiup.org/ ANDA
"mirrorpass":"Nodrakor@@", //MASUKAN https://multiup.org/ ANDA
"viduser":"", //BIARKAN APA ADANYA
"vidkey":"", //BIARKAN APA ADANYA
"mixuser":"", //BIARKAN APA ADANYA
"mixkey":"", //BIARKAN APA ADANYA
"aceuser":"MaulanaZxZ", //MASUKAN USER ID MIRORR ACE ANDA
"acekey":"5efdc6ccae8eafe27638127c2ffdff27", //MASUKAN USER KEY MIRORR ACE ANDA
"mir1":"3", //PILIH ID SERVER FILE YANG ADA DI MIRORR ACE https://mirrorace.com/mirrors
"mir2":"8", //PILIH ID SERVER FILE YANG ADA DI MIRORR ACE https://mirrorace.com/mirrors
"mir3":"26", //PILIH ID SERVER FILE YANG ADA DI MIRORR ACE https://mirrorace.com/mirrors
"mir4":"33", //PILIH ID SERVER FILE YANG ADA DI MIRORR ACE https://mirrorace.com/mirrors
"mir5":"52", //PILIH ID SERVER FILE YANG ADA DI MIRORR ACE https://mirrorace.com/mirrors
"multiset":"public", //BIARKAN APA ADANYA
"aceset":"public", //BIARKAN APA ADANYA
"vidset":"public", //BIARKAN APA ADANYA
}